{
  "robot_id": "DJIDrone_default",
  "robot_type": "DJIDrone",
  "mobility": {
    "summary": "The DJIDrone is a flying robot, capable of moving across different floors."
  },
  "perception": {
    "summary": "The robot is equipped with a RealSense camera, providing depth perception and visual sensing for detecting objects. It also has a Velodyne sensor, enhancing its environmental perception.",
    "cameras_info": {
      "head_camera": {
        "height": 1.5,
        "hfov": 90,
        "type": "fixed"
      }
    }
  },
  "manipulation": {
    "summary": "The robot does not have specific manipulators or end effectors, indicating a lack of direct object handling capabilities.",
    "arm_workspace": {}
  }
}