{
  "robot_id": "FetchRobot_head_only",
  "robot_type": "FetchRobot",
  "mobility": {
    "summary": "FetchRobot has continuous-wheel base links for mobility. It cannot move between floors on its own."
  },
  "perception": {
    "summary": "FetchRobot has a head-mounted RGB and depth camera for object perception on a single floor.",
    "cameras_info": {
      "head_camera": {
        "height": 1.2,
        "hfov": 90,
        "type": "fixed"
      }
    }
  },
  "manipulation": {
    "summary": "FetchRobot has a 7-DoF arm with a prismatic gripper, suitable for precise object manipulation within a single floor workspace.",
    "arm_workspace": {
      "type": "sphere",
      "center": [
        0.147,
        0.9,
        0.132
      ],
      "radius": 1.1
    }
  }
}