{
  "robot_id": "FetchRobot_arm_only",
  "robot_type": "FetchRobot",
  "mobility": {
    "summary": "FetchRobot has a wheeled base, offering mobility on a single floor but no inherent capability to cross between different floors."
  },
  "perception": {
    "summary": "FetchRobot is equipped with an RGB-D camera on its head which can pan and tilt, allowing for dynamic object perception in a wide field of view. It also has a laser scanner for additional environmental sensing.",
    "cameras_info": {
      "articulated_agent_arm_camera": {
        "height": 0.786,
        "hfov": 90,
        "type": "articulated"
      }
    }
  },
  "manipulation": {
    "summary": "FetchRobot features a highly articulated arm with multiple degrees of freedom, a gripper with prismatic joints for grasping, and a wrist and forearm that can roll and flex. This allows it to handle objects in complex positions within its reach.",
    "arm_workspace": {
      "type": "sphere",
      "center": [
        0.147,
        0.9,
        0.132
      ],
      "radius": 1.1
    }
  }
}