{
  "robot_id": "FetchRobot_default",
  "robot_type": "FetchRobot",
  "mobility": {
    "summary": "FetchRobot has a wheeled base with continuous joints for left and right wheels, providing mobility on a single floor but no capability to cross floors."
  },
  "perception": {
    "summary": "FetchRobot is equipped with head-mounted RGB and depth cameras for object perception. It also has an articulated arm camera for close-range sensing.",
    "cameras_info": {
      "articulated_agent_arm_camera": {
        "height": 0.786,
        "hfov": 90,
        "type": "articulated"
      },
      "head_camera": {
        "height": 1.2,
        "hfov": 90,
        "type": "fixed"
      }
    }
  },
  "manipulation": {
    "summary": "FetchRobot has a multi-jointed arm with a prismatic gripper, allowing for precise object manipulation within a broad workspace on a single floor.",
    "arm_workspace": {
      "type": "sphere",
      "center": [
        0.147,
        0.9,
        0.132
      ],
      "radius": 1.1
    }
  }
}