{
  "robot_id": "SpotRobot_default",
  "robot_type": "SpotRobot",
  "mobility": {
    "summary": "SpotRobot has a quadruped base with multiple revolute joints per leg, enhancing its ability to move over diverse terrains. It is likely capable of navigating stairs or steps to move between floors."
  },
  "perception": {
    "summary": "SpotRobot is equipped with two cameras: one on the articulated arm and one at the head, allowing for detailed object perception in various positions on a single floor.",
    "cameras_info": {
      "articulated_agent_arm_camera": {
        "height": 0.577,
        "hfov": 90,
        "type": "articulated"
      },
      "head_camera": {
        "height": 0.48,
        "hfov": 90,
        "type": "fixed"
      }
    }
  },
  "manipulation": {
    "summary": "SpotRobot has a complex, versatile arm with multiple revolute joints and an end effector. This extends its workspace and precision in rearranging objects in abnormal positions on single and multiple floors.",
    "arm_workspace": {
      "type": "sphere",
      "center": [
        0.219,
        0.788,
        0.184
      ],
      "radius": 0.977
    }
  }
}