{
  "robot_id": "SpotRobot_arm_only",
  "robot_type": "SpotRobot",
  "mobility": {
    "summary": "SpotRobot has a legged base with hip, upper leg, and lower leg joints for front-left, front-right, hind-left, and hind-right legs. It is capable of walking and climbing, making it suitable for cross-floor movement."
  },
  "perception": {
    "summary": "SpotRobot is equipped with an articulated camera mounted on its arm, which enhances its single-floor object perception capabilities, especially for objects in abnormal positions.",
    "cameras_info": {
      "articulated_agent_arm_camera": {
        "height": 0.577,
        "hfov": 90,
        "type": "articulated"
      }
    }
  },
  "manipulation": {
    "summary": "SpotRobot's arm features multiple revolute joints from shoulder to fingertip, providing a dexterous workspace for precise object manipulation. The arm's range of motion supports tasks like picking and placing objects.",
    "arm_workspace": {
      "type": "sphere",
      "center": [
        0.219,
        0.788,
        0.184
      ],
      "radius": 0.977
    }
  }
}