{
  "robot_id": "DJIDrone_default",
  "robot_type": "DJIDrone",
  "mobility": {
    "summary": "DJIDrone has a flying base, which allows it to move between floors efficiently for cross-floor tasks."
  },
  "perception": {
    "summary": "Equipped with a forward-facing RealSense camera and Velodyne sensor on a fixed base, the robot can perceive objects in abnormal positions for accurate mapping and navigation.",
    "cameras_info": {
      "head_camera": {
        "height": 1.5,
        "hfov": 90,
        "type": "fixed"
      }
    }
  },
  "manipulation": {
    "summary": "The provided URDF lacks articulated arms or manipulation-specific features, limiting DJIDrone's direct object manipulation capabilities for rearrangement tasks.",
    "arm_workspace": {}
  },
  "battery_life": "23 minutes"
}