{
  "robot_id": "FetchRobot_head_only",
  "robot_type": "FetchRobot",
  "mobility": {
    "summary": "The FetchRobot has a wheeled base with two continuous joints for mobility. It lacks vertical movement capabilities for crossing floors autonomously."
  },
  "perception": {
    "summary": "It is equipped with a head camera capable of capturing both RGB and depth images, helpful for perceiving objects on a single floor.",
    "cameras_info": {
      "head_camera": {
        "height": 1.2000000476837158,
        "hfov": 90,
        "type": "fixed"
      }
    }
  },
  "manipulation": {
    "summary": "The robot features a flexible manipulator arm with multiple revolute and continuous joints, and a gripper with prismatic joints for grasping objects. It can effectively rearrange objects on a single floor.",
    "arm_workspace": {
      "type": "sphere",
      "center": [
        0.14739853143692017,
        0.899940013885498,
        0.1324108988046646
      ],
      "radius": 1.1041796
    }
  },
  "battery_life": "540 minutes"
}