{
  "robot_id": "FetchRobot_default",
  "robot_type": "FetchRobot",
  "mobility": {
    "summary": "FetchRobot has a wheeled base with two continuous joints, indicating it moves efficiently on a single floor. However, it lacks the capability to traverse different floors autonomously as there are no mechanisms for vertical mobility."
  },
  "perception": {
    "summary": "The robot is equipped with a head-mounted RGB and depth camera, allowing it to perceive objects in various positions within its environment effectively. These sensors are suitable for detailed object recognition and depth estimation on a single floor.",
    "cameras_info": {
      "articulated_agent_arm_camera": {
        "height": 0.7860100000000001,
        "hfov": 90,
        "type": "articulated"
      },
      "head_camera": {
        "height": 1.2000000476837158,
        "hfov": 90,
        "type": "fixed"
      }
    }
  },
  "manipulation": {
    "summary": "FetchRobot has a manipulator arm with multiple revolute and continuous joints, providing a wide range of motion for object manipulation. The gripper with prismatic joints is capable of handling objects with adjustable grip, suitable for a variety of object rearrangement tasks.",
    "arm_workspace": {
      "type": "sphere",
      "center": [
        0.14739853143692017,
        0.899940013885498,
        0.1324108988046646
      ],
      "radius": 1.1041796
    }
  },
  "battery_life": "540 minutes"
}