{
  "robot_id": "FetchRobot_arm_only",
  "robot_type": "FetchRobot",
  "mobility": {
    "summary": "FetchRobot has a wheeled base with continuous joints for movement. It is capable of moving on a single floor but lacks the ability to cross floors independently."
  },
  "perception": {
    "summary": "The robot is equipped with a head-mounted RGB and depth camera for object perception. It can perceive objects placed in abnormal positions on a single floor.",
    "cameras_info": {
      "articulated_agent_arm_camera": {
        "height": 0.7860100000000001,
        "hfov": 90,
        "type": "articulated"
      }
    }
  },
  "manipulation": {
    "summary": "FetchRobot has a multi-jointed arm with a gripper end effector, allowing for object manipulation and rearrangement on the same floor. The gripper has prismatic joints for precise gripping.",
    "arm_workspace": {
      "type": "sphere",
      "center": [
        0.14739853143692017,
        0.899940013885498,
        0.1324108988046646
      ],
      "radius": 1.1041796
    }
  },
  "battery_life": "540 minutes"
}