{
  "robot_id": "SpotRobot_default",
  "robot_type": "SpotRobot",
  "mobility": {
    "summary": "SpotRobot has a walking base with four legs, each consisting of three revolute joints. This setup allows it to navigate various terrains but does not inherently support crossing between floors."
  },
  "perception": {
    "summary": "SpotRobot is equipped with a head camera and an articulated arm camera. The head camera provides a high vantage point for observing the environment, while the arm camera is positioned for object manipulation.",
    "cameras_info": {
      "articulated_agent_arm_camera": {
        "height": 0.5770000063180923,
        "hfov": 90,
        "type": "articulated"
      },
      "head_camera": {
        "height": 0.48,
        "hfov": 90,
        "type": "fixed"
      }
    }
  },
  "manipulation": {
    "summary": "SpotRobot features an articulated arm with seven revolute joints, providing a versatile workspace for object manipulation. It ends with a gripper suitable for picking and placing tasks.",
    "arm_workspace": {
      "type": "sphere",
      "center": [
        0.218833327293396,
        0.7876816987991333,
        0.18432271480560303
      ],
      "radius": 0.977087
    }
  },
  "battery_life": "90 minutes"
}