{
  "robot_id": "SpotRobot_arm_only",
  "robot_type": "SpotRobot",
  "mobility": {
    "summary": "The SpotRobot is a quadruped robot, suggesting strong mobility across various terrains and capabilities to handle cross-floor navigation and rearrangement tasks."
  },
  "perception": {
    "summary": "The robot features an articulated arm-mounted camera, enhancing its perception capability for close-range and precise object detection on a single floor.",
    "cameras_info": {
      "articulated_agent_arm_camera": {
        "height": 0.5770000063180923,
        "hfov": 90,
        "type": "articulated"
      }
    }
  },
  "manipulation": {
    "summary": "SpotRobot is equipped with a multi-jointed arm with a finger-like end effector, offering a versatile manipulation workspace for picking and placing objects, suitable for rearrangement tasks.",
    "arm_workspace": {
      "type": "sphere",
      "center": [
        0.218833327293396,
        0.7876816987991333,
        0.18432271480560303
      ],
      "radius": 0.977087
    }
  },
  "battery_life": "90 minutes"
}