{
  "robot_id": "SpotRobot_head_only",
  "robot_type": "SpotRobot",
  "mobility": {
    "summary": "SpotRobot has a quadruped base with four legs, each with three revolute joints, providing walking capabilities. It can navigate across floors by potentially adapting its gait for stairs or uneven surfaces."
  },
  "perception": {
    "summary": "SpotRobot is equipped with a fixed head camera, which allows for frontal object perception within its field of view, useful for identifying objects in abnormal positions.",
    "cameras_info": {
      "head_camera": {
        "height": 0.48,
        "hfov": 90,
        "type": "fixed"
      }
    }
  },
  "manipulation": {
    "summary": "The robot has a manipulator arm with multiple revolute joints, including a wrist and finger, enabling complex object manipulation within a specific workspace, suitable for pick and place tasks.",
    "arm_workspace": {
      "type": "sphere",
      "center": [
        0.218833327293396,
        0.7876816987991333,
        0.18432271480560303
      ],
      "radius": 0.977087
    }
  },
  "battery_life": "90 minutes"
}