{
  "robot_id": "StretchRobot_default",
  "robot_type": "StretchRobot",
  "mobility": {
    "summary": "StretchRobot has a wheeled base with continuous joints for wheels, enabling navigation on a single floor. The robot does not have the capability to traverse across floors autonomously."
  },
  "perception": {
    "summary": "StretchRobot is equipped with a depth camera, infrared sensors, and a color camera mounted on a pan-tilt head. These sensors aid in perceiving objects on a single floor, even in abnormal positions.",
    "cameras_info": {
      "head_camera": {
        "height": 1.4223901178495244,
        "hfov": 90,
        "type": "articulated"
      }
    }
  },
  "manipulation": {
    "summary": "StretchRobot features a prismatic arm with multiple sections and a revolute wrist. The arm can extend vertically and horizontally, allowing for manipulation and rearrangement of objects on the same floor.",
    "arm_workspace": {
      "type": "box",
      "min_bound": [
        -1.3228145837783813,
        -0.14732760190963745,
        -0.13849210739135742
      ],
      "max_bound": [
        -0.22937273979187012,
        1.2440531253814697,
        0.26185083389282227
      ]
    }
  },
  "battery_life": "120 minutes"
}